source,target
Ven'nus,indie catala
Ven'nus,musica catalana
Massaviu,trap catala
Massaviu,indie catala
Massaviu,musica catalana
Massaviu,trap catala
Massaviu,indie catala
Massaviu,musica catalana
Massaviu,indie catala
Massaviu,musica catalana
Massaviu,indie catala
Massaviu,musica catalana
Massaviu,musica catalana
Massaviu,indie catala
Massaviu,trap catala
Massaviu,indie catala
Massaviu,indie catala
Massaviu,musica catalana
Massaviu,indie catala
Massaviu,indie catala
Massaviu,musica catalana
Ven'nus,indie catala
Ven'nus,musica catalana
Ven'nus,indie catala
Ven'nus,musica catalana
Ven'nus,indie catala
Ven'nus,musica catalana
Ven'nus,indie catala
Ven'nus,musica catalana
Ven'nus,indie catala
Ven'nus,musica catalana
Ven'nus,indie catala
Ven'nus,musica catalana
Ven'nus,indie catala
Ven'nus,musica catalana
Ven'nus,indie catala
Ven'nus,indie catala
Ven'nus,indie catala
Ven'nus,rock catala
Ven'nus,indie catala
Ven'nus,indie catala
Ven'nus,trap catala
Ven'nus,musica catalana
Ven'nus,indie catala
Ven'nus,indie catala
Ven'nus,rock catala
Ven'nus,indie catala
Ven'nus,musica catalana
Ariox,indie catala
Ariox,indie catala
Ariox,musica catalana
Ariox,indie catala
Ariox,musica catalana
Ariox,indie catala
Ariox,musica catalana
Ariox,indie catala
Ariox,musica catalana
Ariox,trap catala
Ariox,musica catalana
Ariox,indie catala
Ariox,indie catala
Ariox,musica catalana
Ariox,indie catala
Ariox,trap catala
Ariox,indie catala
Ariox,musica catalana
Ariox,indie catala
Ariox,indie catala
Ariox,rock catala
Ariox,indie catala
Ven'nus,indie catala
Ven'nus,musica catalana
roserona,indie catala
roserona,musica catalana
roserona,indie catala
roserona,musica catalana
roserona,musica catalana
roserona,indie catala
roserona,musica catalana
roserona,indie catala
roserona,musica catalana
roserona,trap catala
roserona,indie catala
roserona,trap catala
roserona,indie catala
roserona,indie catala
roserona,indie catala
roserona,indie catala
roserona,musica catalana
roserona,indie catala
roserona,indie catala
roserona,musica catalana
roserona,indie catala
Ven'nus,indie catala
Ven'nus,rock catala
Maria Jaume,indie catala
Maria Jaume,indie catala
Maria Jaume,indie catala
Maria Jaume,musica mallorquina
Maria Jaume,rock catala
Maria Jaume,indie catala
Maria Jaume,musica mallorquina
Maria Jaume,indie catala
Maria Jaume,indie catala
Maria Jaume,musica catalana
Maria Jaume,indie catala
Maria Jaume,rock catala
Maria Jaume,indie catala
Maria Jaume,musica catalana
Maria Jaume,indie catala
Maria Jaume,musica mallorquina
Maria Jaume,indie catala
Maria Jaume,rock catala
Maria Jaume,indie catala
Maria Jaume,indie catala
Maria Jaume,musica catalana
Maria Jaume,indie catala
Maria Jaume,indie catala
Maria Jaume,rock catala
Maria Jaume,indie catala
Maria Jaume,musica catalana
Maria Jaume,indie catala
Maria Jaume,musica catalana
Maria Jaume,indie catala
Maria Jaume,musica mallorquina
Maria Jaume,cantautor catala
Maria Jaume,indie catala
Maria Jaume,rock catala
Ven'nus,indie catala
Ven'nus,musica catalana
xicu,indie catala
xicu,musica catalana
xicu,indie catala
xicu,musica catalana
xicu,musica catalana
xicu,indie catala
xicu,musica catalana
xicu,indie catala
xicu,musica catalana
xicu,indie catala
xicu,musica catalana
xicu,indie catala
xicu,indie catala
xicu,indie catala
xicu,indie catala
xicu,trap catala
xicu,indie catala
xicu,indie catala
xicu,musica catalana
xicu,indie catala
xicu,rock catala
Ven'nus,indie catala
miquel,indie catala
miquel,indie catala
miquel,musica catalana
miquel,indie catala
miquel,musica catalana
miquel,indie catala
miquel,musica catalana
miquel,indie catala
miquel,musica catalana
miquel,indie catala
miquel,musica catalana
miquel,indie catala
miquel,musica catalana
miquel,musica catalana
miquel,indie catala
miquel,indie catala
miquel,indie catala
miquel,indie catala
miquel,rock catala
miquel,trap catala
Ven'nus,indie catala
MARIA HEIN,indie catala
MARIA HEIN,rock catala
MARIA HEIN,indie catala
MARIA HEIN,indie catala
MARIA HEIN,musica catalana
MARIA HEIN,indie catala
MARIA HEIN,musica catalana
MARIA HEIN,indie catala
MARIA HEIN,musica catalana
MARIA HEIN,indie catala
MARIA HEIN,musica catalana
MARIA HEIN,indie catala
MARIA HEIN,musica mallorquina
MARIA HEIN,rock catala
MARIA HEIN,indie catala
MARIA HEIN,indie catala
MARIA HEIN,musica catalana
MARIA HEIN,trap catala
MARIA HEIN,indie catala
MARIA HEIN,musica catalana
MARIA HEIN,indie catala
MARIA HEIN,indie catala
MARIA HEIN,musica catalana
MARIA HEIN,indie catala
MARIA HEIN,musica catalana
bert bert,indie catala
bert bert,indie catala
bert bert,musica catalana
bert bert,indie catala
bert bert,indie catala
bert bert,musica catalana
bert bert,indie catala
bert bert,musica catalana
bert bert,indie catala
bert bert,trap catala
bert bert,indie catala
bert bert,musica catalana
bert bert,indie catala
bert bert,musica catalana
bert bert,musica catalana
bert bert,indie catala
bert bert,musica catalana
bert bert,indie catala
bert bert,indie catala
bert bert,indie catala
bert bert,trap catala
Ven'nus,indie catala
Reïna,indie catala
Reïna,musica mallorquina
Reïna,indie catala
Reïna,rock catala
Reïna,musica mallorquina
Reïna,indie catala
Reïna,musica mallorquina
Reïna,rock catala
Reïna,indie catala
Reïna,musica mallorquina
Reïna,indie catala
Reïna,indie catala
Reïna,musica mallorquina
Reïna,indie catala
Reïna,musica catalana
Reïna,indie catala
Reïna,musica mallorquina
Reïna,indie catala
Reïna,musica catalana
Reïna,musica mallorquina
Reïna,indie catala
Reïna,musica catalana
Reïna,indie catala
Reïna,musica catalana
Reïna,musica mallorquina
Caldo,musica catalana
Caldo,trap catala
Caldo,indie catala
Caldo,musica catalana
Caldo,indie catala
Caldo,musica catalana
Caldo,indie catala
Caldo,musica catalana
Caldo,indie catala
Caldo,musica catalana
Caldo,indie catala
Caldo,musica catalana
Caldo,trap catala
Caldo,indie catala
Caldo,indie catala
Caldo,musica catalana
Ven'nus,indie catala
Ven'nus,musica catalana
Iglú,indie catala
Iglú,musica catalana
Iglú,indie catala
Iglú,musica catalana
Iglú,trap catala
Iglú,indie catala
Iglú,musica catalana
Iglú,indie catala
Iglú,musica catalana
Iglú,indie catala
Iglú,musica catalana
Iglú,indie catala
Iglú,musica catalana
Iglú,indie catala
Iglú,indie catala
Iglú,musica catalana
Iglú,indie catala
Iglú,musica catalana
Iglú,indie catala
Iglú,indie catala
Iglú,indie catala
Iglú,musica catalana
Iglú,rap catala
Iglú,trap catala
Ven'nus,indie catala
Ven'nus,musica catalana
Al·lèrgiques al pol·len,indie catala
Al·lèrgiques al pol·len,musica catalana
Al·lèrgiques al pol·len,indie catala
Al·lèrgiques al pol·len,musica catalana
Al·lèrgiques al pol·len,indie catala
Al·lèrgiques al pol·len,musica catalana
Al·lèrgiques al pol·len,indie catala
Al·lèrgiques al pol·len,musica catalana
Al·lèrgiques al pol·len,indie catala
Al·lèrgiques al pol·len,musica catalana
Al·lèrgiques al pol·len,indie catala
Al·lèrgiques al pol·len,rock catala
Al·lèrgiques al pol·len,musica catalana
Al·lèrgiques al pol·len,indie catala
Al·lèrgiques al pol·len,indie catala
Al·lèrgiques al pol·len,cantautor catala
Al·lèrgiques al pol·len,indie catala
Al·lèrgiques al pol·len,musica catalana
Al·lèrgiques al pol·len,rock catala
Al·lèrgiques al pol·len,indie catala
Al·lèrgiques al pol·len,rock catala
Al·lèrgiques al pol·len,indie catala
Al·lèrgiques al pol·len,musica catalana
Al·lèrgiques al pol·len,indie catala
Al·lèrgiques al pol·len,musica catalana
Al·lèrgiques al pol·len,indie catala
Al·lèrgiques al pol·len,indie catala
Al·lèrgiques al pol·len,rock catala
Al·lèrgiques al pol·len,indie catala
Ven'nus,indie catala
Ven'nus,rock catala
Jo Jet i Maria Ribot,indie catala
Jo Jet i Maria Ribot,musica catalana
Jo Jet i Maria Ribot,indie catala
Jo Jet i Maria Ribot,musica catalana
Jo Jet i Maria Ribot,indie catala
Jo Jet i Maria Ribot,indie catala
Jo Jet i Maria Ribot,rock catala
Jo Jet i Maria Ribot,cantautor catala
Jo Jet i Maria Ribot,indie catala
Jo Jet i Maria Ribot,rock catala
Jo Jet i Maria Ribot,indie catala
Jo Jet i Maria Ribot,indie catala
Jo Jet i Maria Ribot,musica mallorquina
Jo Jet i Maria Ribot,rock catala
Jo Jet i Maria Ribot,indie catala
Jo Jet i Maria Ribot,musica catalana
Jo Jet i Maria Ribot,indie catala
Jo Jet i Maria Ribot,cantautor catala
Jo Jet i Maria Ribot,rock catala
Jo Jet i Maria Ribot,indie catala
Jo Jet i Maria Ribot,indie catala
Jo Jet i Maria Ribot,indie catala
Jo Jet i Maria Ribot,musica catalana
Jo Jet i Maria Ribot,indie catala
Jo Jet i Maria Ribot,musica catalana
Jo Jet i Maria Ribot,indie catala
Jo Jet i Maria Ribot,indie catala
Jo Jet i Maria Ribot,musica mallorquina
Jo Jet i Maria Ribot,cantautor catala
Jo Jet i Maria Ribot,indie catala
Jo Jet i Maria Ribot,musica catalana
Jo Jet i Maria Ribot,rock catala
Jo Jet i Maria Ribot,indie catala
Ven'nus,indie catala
Ven'nus,musica mallorquina
Ven'nus,rock catala
Da Souza,indie catala
Da Souza,musica mallorquina
Da Souza,indie catala
Da Souza,indie catala
Da Souza,musica mallorquina
Da Souza,indie catala
Da Souza,rock catala
Da Souza,indie catala
Da Souza,musica mallorquina
Da Souza,indie catala
Da Souza,musica mallorquina
Da Souza,indie catala
Da Souza,indie catala
Da Souza,indie catala
Da Souza,rock catala
Da Souza,indie catala
Da Souza,cantautor
Da Souza,cantautor catala
Da Souza,indie catala
Da Souza,musica mallorquina
Da Souza,rock catala
Da Souza,indie catala
Da Souza,rock catala
Da Souza,cantautor catala
Da Souza,indie catala
Da Souza,rock catala
Da Souza,indie catala
Da Souza,indie catala
Da Souza,rock catala
Da Souza,musica mallorquina
Da Souza,indie catala
Da Souza,cantautor catala
Da Souza,indie catala
Da Souza,rock catala
Da Souza,musica mallorquina
Ven'nus,cantautor catala
Ven'nus,indie catala
Ven'nus,rock catala
Pau Vallvé,cantautor catala
Pau Vallvé,indie catala
Pau Vallvé,rock catala
Pau Vallvé,indie catala
Pau Vallvé,indie catala
Pau Vallvé,rock catala
Pau Vallvé,cantautor catala
Pau Vallvé,indie catala
Pau Vallvé,rock catala
Pau Vallvé,indie catala
Pau Vallvé,musica mallorquina
Pau Vallvé,rock catala
Pau Vallvé,indie catala
Pau Vallvé,rock catala
Pau Vallvé,cantautor
Pau Vallvé,cantautor catala
Pau Vallvé,indie catala
Pau Vallvé,musica mallorquina
Pau Vallvé,rock catala
Pau Vallvé,indie catala
Pau Vallvé,rock catala
Pau Vallvé,cantautor catala
Pau Vallvé,indie catala
Pau Vallvé,rock catala
Pau Vallvé,indie catala
Pau Vallvé,rock catala
Pau Vallvé,indie catala
Pau Vallvé,rock catala
Pau Vallvé,indie catala
Pau Vallvé,rock catala
Pau Vallvé,indie catala
Pau Vallvé,indie catala
Pau Vallvé,spanish indie folk
Pau Vallvé,indie catala
Pau Vallvé,cantautor
Pau Vallvé,indie catala
Pau Vallvé,rock catala
Pau Vallvé,cantautor catala
Pau Vallvé,indie catala
Pau Vallvé,musica catalana
Pau Vallvé,rock catala
Pau Vallvé,cantautor catala
Pau Vallvé,indie catala
Pau Vallvé,rock catala
Pau Vallvé,indie catala
Pau Vallvé,rock catala
Pau Vallvé,indie catala
Pau Vallvé,musica catalana
Moli,indie catala
Moli,musica catalana
Moli,indie catala
Moli,musica catalana
Moli,indie catala
Moli,musica catalana
Moli,musica catalana
Moli,indie catala
Moli,indie catala
Moli,musica catalana
Moli,trap catala
Moli,indie catala
Moli,indie catala
Moli,musica catalana
Moli,indie catala
Moli,trap catala
Ven'nus,trap catala
Lluc,trap catala
Lluc,indie catala
Lluc,musica catalana
Lluc,trap catala
Lluc,hyperpop en espanol
Lluc,indie catala
Lluc,musica catalana
Lluc,trap triste
Lluc,indie catala
Lluc,musica catalana
Lluc,rap catala
Lluc,trap catala
Lluc,indie catala
Lluc,musica catalana
Lluc,trap catala
Ven'nus,indie catala
Ven'nus,rock catala
La Ludwig Band,indie catala
La Ludwig Band,indie catala
La Ludwig Band,rock catala
La Ludwig Band,indie catala
La Ludwig Band,musica mallorquina
La Ludwig Band,rock catala
La Ludwig Band,indie catala
La Ludwig Band,cantautor catala
La Ludwig Band,indie catala
La Ludwig Band,rock catala
La Ludwig Band,indie catala
La Ludwig Band,rock catala
La Ludwig Band,indie catala
La Ludwig Band,punk catala
La Ludwig Band,rock catala
La Ludwig Band,indie catala
La Ludwig Band,musica catalana
La Ludwig Band,cantautor catala
La Ludwig Band,indie catala
La Ludwig Band,rock catala
La Ludwig Band,indie catala
La Ludwig Band,rock catala
La Ludwig Band,indie catala
La Ludwig Band,rock catala
La Ludwig Band,indie catala
La Ludwig Band,indie catala
La Ludwig Band,musica catalana
La Ludwig Band,indie catala
La Ludwig Band,indie catala
La Ludwig Band,indie catala
La Ludwig Band,cantautor catala
La Ludwig Band,indie catala
La Ludwig Band,musica catalana
La Ludwig Band,rock catala
La Ludwig Band,cantautor
La Ludwig Band,cantautor catala
La Ludwig Band,indie catala
La Ludwig Band,musica mallorquina
La Ludwig Band,rock catala
La Ludwig Band,indie catala
La Ludwig Band,indie catala
La Ludwig Band,rock catala
Ven'nus,cantautor catala
Ven'nus,indie catala
Ven'nus,musica catalana
Ven'nus,rock catala
Ginestà,musica catalana
Ginestà,indie catala
Ginestà,musica catalana
Ginestà,indie catala
Ginestà,musica catalana
Ginestà,indie catala
Ginestà,indie catala
Ginestà,indie catala
Ginestà,rock catala
Ginestà,indie catala
Ginestà,rock catala
Ginestà,musica catalana
Ginestà,indie catala
Ginestà,musica catalana
Ginestà,musica catalana
Ginestà,indie catala
Ginestà,musica catalana
Ginestà,indie catala
Ginestà,musica catalana
Ginestà,rock catala
Ginestà,cantautor catala
Ginestà,indie catala
Ginestà,rock catala
Ginestà,musica catalana
Ginestà,indie catala
Ginestà,musica catalana
Ginestà,indie valenciana
Ginestà,musica catalana
Ginestà,ska catala
Ginestà,indie catala
Ginestà,musica catalana
Ginestà,cantautor catala
Ginestà,musica valenciana
Ginestà,rock catala
Ginestà,ska catala
Ginestà,cantautor catala
Ginestà,indie catala
Ginestà,rock catala
Ginestà,indie catala
